USER_ID,EMAIL,NAME,LASTNAME
Brittaney.Gentry86,Brittaney,Gentry,Brittaney.Gentry86@goodmail.com
Keri.Royce8,Keri,Royce,Keri.Royce8@funmail.com
Michal.Hollyanne32,Michal,Hollyanne,Michal.Hollyanne32@funmail.com
Carolina.Mateusz51,Carolina,Mateusz,Carolina.Mateusz51@goodmail.com
Noni.Thetis66,Noni,Thetis,Noni.Thetis66@goodmail.com
Grata.Ozzy95,Grata,Ozzy,Grata.Ozzy95@testmail.com
Celisse.Schellens98,Celisse,Schellens,Celisse.Schellens98@funmail.com
Harli.Dupaix47,Harli,Dupaix,Harli.Dupaix47@funmail.com
Emogene.Bassett59,Emogene,Bassett,Emogene.Bassett59@funmail.com
Minerva.Wilbert87,Minerva,Wilbert,Minerva.Wilbert87@funmail.com
Charmine.Burchett49,Charmine,Burchett,Charmine.Burchett49@goodmail.com
Channa.Formica62,Channa,Formica,Channa.Formica62@goodmail.com
Joanna.Publius21,Joanna,Publius,Joanna.Publius21@goodmail.com
Tonia.Saberio34,Tonia,Saberio,Tonia.Saberio34@goodmail.com
Lottie.Eustatius22,Lottie,Eustatius,Lottie.Eustatius22@funmail.com
Camilla.Ranson35,Camilla,Ranson,Camilla.Ranson35@testmail.com
Eilis.Ivy7,Eilis,Ivy,Eilis.Ivy7@goodmail.com
Margaretha.Bogusz78,Margaretha,Bogusz,Margaretha.Bogusz78@goodmail.com
Nyssa.Larkins41,Nyssa,Larkins,Nyssa.Larkins41@goodmail.com
Revkah.Noll76,Revkah,Noll,Revkah.Noll76@testmail.com
Bernita.Pinelli95,Bernita,Pinelli,Bernita.Pinelli95@funmail.com
Melitta.Zacharia32,Melitta,Zacharia,Melitta.Zacharia32@goodmail.com
Ashien.Amos47,Ashien,Amos,Ashien.Amos47@goodmail.com
Elfrida.Pegeen26,Elfrida,Pegeen,Elfrida.Pegeen26@goodmail.com
Luz.Ozzy15,Luz,Ozzy,Luz.Ozzy15@funmail.com
Willi.Ralleigh11,Willi,Ralleigh,Willi.Ralleigh11@testmail.com
Inna.Chemar77,Inna,Chemar,Inna.Chemar77@goodmail.com
Robena.Saimon4,Robena,Saimon,Robena.Saimon4@funmail.com
Saidee.Abana96,Saidee,Abana,Saidee.Abana96@funmail.com
Dorthy.Bremen33,Dorthy,Bremen,Dorthy.Bremen33@funmail.com
Nichol.Michaelina64,Nichol,Michaelina,Nichol.Michaelina64@testmail.com
Eileen.Katuscha73,Eileen,Katuscha,Eileen.Katuscha73@funmail.com
Ann.Collete15,Ann,Collete,Ann.Collete15@testmail.com
Thomasina.Becki98,Thomasina,Becki,Thomasina.Becki98@testmail.com
Annetta.Hogan86,Annetta,Hogan,Annetta.Hogan86@goodmail.com
Courtnay.Lodhia13,Courtnay,Lodhia,Courtnay.Lodhia13@funmail.com
Sasha.Vincent42,Sasha,Vincent,Sasha.Vincent42@testmail.com
Octavia.Shaylah71,Octavia,Shaylah,Octavia.Shaylah71@goodmail.com
Myrtia.Alisha15,Myrtia,Alisha,Myrtia.Alisha15@goodmail.com
Jerrie.Lark9,Jerrie,Lark,Jerrie.Lark9@goodmail.com
Marlena.Ambie83,Marlena,Ambie,Marlena.Ambie83@testmail.com
Ashly.Franzoni95,Ashly,Franzoni,Ashly.Franzoni95@testmail.com
Maura.Weaks16,Maura,Weaks,Maura.Weaks16@testmail.com
Abby.Hausmann57,Abby,Hausmann,Abby.Hausmann57@funmail.com
Claribel.Luigino21,Claribel,Luigino,Claribel.Luigino21@goodmail.com
Calley.Carina2,Calley,Carina,Calley.Carina2@goodmail.com
Uta.Groves96,Uta,Groves,Uta.Groves96@funmail.com
Anthea.Entwistle30,Anthea,Entwistle,Anthea.Entwistle30@goodmail.com
Brita.Femi45,Brita,Femi,Brita.Femi45@testmail.com
Hannis.Christoforo70,Hannis,Christoforo,Hannis.Christoforo70@funmail.com
Edeline.Whitten70,Edeline,Whitten,Edeline.Whitten70@funmail.com
Darsie.Derrik90,Darsie,Derrik,Darsie.Derrik90@testmail.com
Christal.Rebe68,Christal,Rebe,Christal.Rebe68@testmail.com
Gabey.Stephannie1,Gabey,Stephannie,Gabey.Stephannie1@goodmail.com
Gaby.Grethel40,Gaby,Grethel,Gaby.Grethel40@funmail.com
Jada.Guise51,Jada,Guise,Jada.Guise51@goodmail.com
Tove.Pincus91,Tove,Pincus,Tove.Pincus91@testmail.com
Gael.Belen23,Gael,Belen,Gael.Belen23@testmail.com
Loralyn.Kella60,Loralyn,Kella,Loralyn.Kella60@goodmail.com
Audrie.Morris67,Audrie,Morris,Audrie.Morris67@goodmail.com
Klara.Beryle23,Klara,Beryle,Klara.Beryle23@funmail.com
Kiley.Dickey47,Kiley,Dickey,Kiley.Dickey47@testmail.com
Saloma.Haggar36,Saloma,Haggar,Saloma.Haggar36@goodmail.com
Matelda.Aprile23,Matelda,Aprile,Matelda.Aprile23@funmail.com
Hyacinth.Dryfoos80,Hyacinth,Dryfoos,Hyacinth.Dryfoos80@goodmail.com
Jorry.Wight78,Jorry,Wight,Jorry.Wight78@goodmail.com
Selie.Khano8,Selie,Khano,Selie.Khano8@funmail.com
Maddy.Mechelle78,Maddy,Mechelle,Maddy.Mechelle78@testmail.com
Melina.Reddy78,Melina,Reddy,Melina.Reddy78@testmail.com
Jobey.Moshe23,Jobey,Moshe,Jobey.Moshe23@goodmail.com
Janie.Churchill56,Janie,Churchill,Janie.Churchill56@funmail.com
Jenica.Malinowski66,Jenica,Malinowski,Jenica.Malinowski66@goodmail.com
Luce.Yila37,Luce,Yila,Luce.Yila37@testmail.com
Marylee.Brod65,Marylee,Brod,Marylee.Brod65@funmail.com
Karolina.Hamrah92,Karolina,Hamrah,Karolina.Hamrah92@testmail.com
Charmion.Alrick26,Charmion,Alrick,Charmion.Alrick26@goodmail.com
Gusella.Andras78,Gusella,Andras,Gusella.Andras78@goodmail.com
Bernardina.Short8,Bernardina,Short,Bernardina.Short8@testmail.com
Linzy.Forest23,Linzy,Forest,Linzy.Forest23@funmail.com
Elaine.Claudell45,Elaine,Claudell,Elaine.Claudell45@goodmail.com
Dix.Aronoff82,Dix,Aronoff,Dix.Aronoff82@funmail.com
Wallie.Alcus17,Wallie,Alcus,Wallie.Alcus17@testmail.com
Charleen.Haze25,Charleen,Haze,Charleen.Haze25@goodmail.com
Leeanne.Haldi79,Leeanne,Haldi,Leeanne.Haldi79@goodmail.com
Carol-Jean.Skiest89,Carol-Jean,Skiest,Carol-Jean.Skiest89@goodmail.com
Nanette.Beckerman96,Nanette,Beckerman,Nanette.Beckerman96@goodmail.com
Micaela.Le73,Micaela,Le,Micaela.Le73@goodmail.com
Renelle.Rainah43,Renelle,Rainah,Renelle.Rainah43@goodmail.com
Malina.Ribble80,Malina,Ribble,Malina.Ribble80@testmail.com
Sylvia.Sothena33,Sylvia,Sothena,Sylvia.Sothena33@goodmail.com
Philippine.Paolina99,Philippine,Paolina,Philippine.Paolina99@testmail.com
Christina.Labana75,Christina,Labana,Christina.Labana75@goodmail.com
Nelli.Frida86,Nelli,Frida,Nelli.Frida86@goodmail.com
Maryjo.Franciscka7,Maryjo,Franciscka,Maryjo.Franciscka7@goodmail.com
Fanni.Sandberg64,Fanni,Sandberg,Fanni.Sandberg64@funmail.com
Raye.Edson94,Raye,Edson,Raye.Edson94@funmail.com
Anna-Maria.Garlen54,Anna-Maria,Garlen,Anna-Maria.Garlen54@funmail.com
Nessa.Torrin18,Nessa,Torrin,Nessa.Torrin18@goodmail.com
Arielle.Schear78,Arielle,Schear,Arielle.Schear78@goodmail.com
Antonella.Orion77,Antonella,Orion,Antonella.Orion77@goodmail.com
Verine.Valonia38,Verine,Valonia,Verine.Valonia38@goodmail.com
Reine.Hetty19,Reine,Hetty,Reine.Hetty19@testmail.com
Carlotta.Pardner78,Carlotta,Pardner,Carlotta.Pardner78@funmail.com
Raquela.Valina51,Raquela,Valina,Raquela.Valina51@funmail.com
Dorolisa.Yseulte99,Dorolisa,Yseulte,Dorolisa.Yseulte99@testmail.com
Joanna.Gian27,Joanna,Gian,Joanna.Gian27@funmail.com
Evelyn.Les20,Evelyn,Les,Evelyn.Les20@funmail.com
Mildred.McClimans59,Mildred,McClimans,Mildred.McClimans59@testmail.com
Toma.Coughlin53,Toma,Coughlin,Toma.Coughlin53@goodmail.com
Adelheid.Gilletta34,Adelheid,Gilletta,Adelheid.Gilletta34@testmail.com
Dulci.Tomlin35,Dulci,Tomlin,Dulci.Tomlin35@funmail.com
Ada.Deloris84,Ada,Deloris,Ada.Deloris84@funmail.com
Nixie.Katrina82,Nixie,Katrina,Nixie.Katrina82@funmail.com
Ettie.Allyson30,Ettie,Allyson,Ettie.Allyson30@testmail.com
Sharlene.Nial95,Sharlene,Nial,Sharlene.Nial95@goodmail.com
Berti.Hutchings25,Berti,Hutchings,Berti.Hutchings25@funmail.com
Pietra.Karlin16,Pietra,Karlin,Pietra.Karlin16@goodmail.com
Desirae.Vilberg77,Desirae,Vilberg,Desirae.Vilberg77@goodmail.com
Norry.Solnit53,Norry,Solnit,Norry.Solnit53@funmail.com
Caroline.Betty44,Caroline,Betty,Caroline.Betty44@goodmail.com
Sadye.Pacorro12,Sadye,Pacorro,Sadye.Pacorro12@testmail.com
Violette.Bale45,Violette,Bale,Violette.Bale45@testmail.com
Tamiko.Tessi69,Tamiko,Tessi,Tamiko.Tessi69@funmail.com
Lola.Dremann16,Lola,Dremann,Lola.Dremann16@funmail.com
Rici.Echikson45,Rici,Echikson,Rici.Echikson45@testmail.com
Wendy.Aldin42,Wendy,Aldin,Wendy.Aldin42@goodmail.com
Emelyne.Shiau71,Emelyne,Shiau,Emelyne.Shiau71@testmail.com
Bryana.Chrysa92,Bryana,Chrysa,Bryana.Chrysa92@testmail.com
Sharyl.Ion59,Sharyl,Ion,Sharyl.Ion59@testmail.com
Caryn.Beale55,Caryn,Beale,Caryn.Beale55@goodmail.com
Charlean.Marjy13,Charlean,Marjy,Charlean.Marjy13@testmail.com
Nessy.Gignac82,Nessy,Gignac,Nessy.Gignac82@goodmail.com
Estele.Savill70,Estele,Savill,Estele.Savill70@testmail.com
Judy.Diaz56,Judy,Diaz,Judy.Diaz56@testmail.com
Lynnet.Thomasa88,Lynnet,Thomasa,Lynnet.Thomasa88@testmail.com
Alison.Fabri53,Alison,Fabri,Alison.Fabri53@goodmail.com
Tammy.Gillette9,Tammy,Gillette,Tammy.Gillette9@funmail.com
Germana.Sorce77,Germana,Sorce,Germana.Sorce77@testmail.com
Annie.Duwe34,Annie,Duwe,Annie.Duwe34@goodmail.com
Rori.Ambrosia63,Rori,Ambrosia,Rori.Ambrosia63@funmail.com
Maris.Elliot17,Maris,Elliot,Maris.Elliot17@goodmail.com
Elvina.Mills40,Elvina,Mills,Elvina.Mills40@testmail.com
Sheree.Alfonse55,Sheree,Alfonse,Sheree.Alfonse55@testmail.com
Winna.McKay71,Winna,McKay,Winna.McKay71@testmail.com
Ilsa.Stanwinn45,Ilsa,Stanwinn,Ilsa.Stanwinn45@funmail.com
Dixie.Bab20,Dixie,Bab,Dixie.Bab20@funmail.com
Hettie.Kobi17,Hettie,Kobi,Hettie.Kobi17@testmail.com
Wenona.Erik68,Wenona,Erik,Wenona.Erik68@goodmail.com
Concordia.Ellissa91,Concordia,Ellissa,Concordia.Ellissa91@testmail.com
Denise.Prouty27,Denise,Prouty,Denise.Prouty27@funmail.com
Cassie.Wilmott27,Cassie,Wilmott,Cassie.Wilmott27@funmail.com
Leesa.Latia28,Leesa,Latia,Leesa.Latia28@testmail.com
Kaleena.Bengt6,Kaleena,Bengt,Kaleena.Bengt6@goodmail.com
Beryl.Maurilia30,Beryl,Maurilia,Beryl.Maurilia30@goodmail.com
Jere.Kara65,Jere,Kara,Jere.Kara65@goodmail.com
Prudi.Bolanger93,Prudi,Bolanger,Prudi.Bolanger93@funmail.com
Ambur.Dulla49,Ambur,Dulla,Ambur.Dulla49@funmail.com
Bride.Selma20,Bride,Selma,Bride.Selma20@testmail.com
Sharla.Winthrop30,Sharla,Winthrop,Sharla.Winthrop30@testmail.com
Moselle.Biddie43,Moselle,Biddie,Moselle.Biddie43@goodmail.com
Matelda.Ortrud74,Matelda,Ortrud,Matelda.Ortrud74@goodmail.com
Coleen.Don29,Coleen,Don,Coleen.Don29@funmail.com
Shirl.Liane4,Shirl,Liane,Shirl.Liane4@goodmail.com
Lucienne.Bristow57,Lucienne,Bristow,Lucienne.Bristow57@funmail.com
Kaylyn.Alberik74,Kaylyn,Alberik,Kaylyn.Alberik74@testmail.com
Carry.Dorene23,Carry,Dorene,Carry.Dorene23@goodmail.com
Lacey.Radke25,Lacey,Radke,Lacey.Radke25@goodmail.com
Esta.Falcone18,Esta,Falcone,Esta.Falcone18@funmail.com
Blanca.Cathrin19,Blanca,Cathrin,Blanca.Cathrin19@testmail.com
Dallas.Afrikah72,Dallas,Afrikah,Dallas.Afrikah72@testmail.com
Odetta.Heurlin47,Odetta,Heurlin,Odetta.Heurlin47@goodmail.com
Athena.Butte13,Athena,Butte,Athena.Butte13@goodmail.com
Suki.Marlena66,Suki,Marlena,Suki.Marlena66@testmail.com
Ester.Wenonah44,Ester,Wenonah,Ester.Wenonah44@goodmail.com
Mariska.Buroker67,Mariska,Buroker,Mariska.Buroker67@testmail.com
Kessiah.Matrona53,Kessiah,Matrona,Kessiah.Matrona53@testmail.com
Josie.Walliw76,Josie,Walliw,Josie.Walliw76@goodmail.com
Karlen.Castro5,Karlen,Castro,Karlen.Castro5@funmail.com
Steffi.Weinberg74,Steffi,Weinberg,Steffi.Weinberg74@funmail.com
Brigitta.Balsam57,Brigitta,Balsam,Brigitta.Balsam57@goodmail.com
Zelma.Benil8,Zelma,Benil,Zelma.Benil8@goodmail.com
Eleen.Andrea51,Eleen,Andrea,Eleen.Andrea51@goodmail.com
Suzie.Kaspar49,Suzie,Kaspar,Suzie.Kaspar49@funmail.com
Lyndsie.Lubbi70,Lyndsie,Lubbi,Lyndsie.Lubbi70@funmail.com
Siobhan.Engud18,Siobhan,Engud,Siobhan.Engud18@testmail.com
Adria.Griggs2,Adria,Griggs,Adria.Griggs2@testmail.com
Nikkie.Brandt23,Nikkie,Brandt,Nikkie.Brandt23@funmail.com
Anne-Marie.Graehl14,Anne-Marie,Graehl,Anne-Marie.Graehl14@funmail.com
Janetta.Lory71,Janetta,Lory,Janetta.Lory71@goodmail.com
Laurette.Roper47,Laurette,Roper,Laurette.Roper47@goodmail.com
Blanch.Lovmilla47,Blanch,Lovmilla,Blanch.Lovmilla47@testmail.com
Doe.Danczyk6,Doe,Danczyk,Doe.Danczyk6@testmail.com
Selinda.Alane54,Selinda,Alane,Selinda.Alane54@testmail.com
Merrily.Grochow33,Merrily,Grochow,Merrily.Grochow33@funmail.com
Hyacintha.Komarek16,Hyacintha,Komarek,Hyacintha.Komarek16@testmail.com
Charity.Turnbull91,Charity,Turnbull,Charity.Turnbull91@funmail.com
Halie.Quita87,Halie,Quita,Halie.Quita87@testmail.com
Amalle.Lanford84,Amalle,Lanford,Amalle.Lanford84@testmail.com
Kelcey.Tani2,Kelcey,Tani,Kelcey.Tani2@testmail.com
Jaquelyn.Teodor97,Jaquelyn,Teodor,Jaquelyn.Teodor97@goodmail.com
Renie.Schuh87,Renie,Schuh,Renie.Schuh87@goodmail.com
Claudetta.Celestyna79,Claudetta,Celestyna,Claudetta.Celestyna79@goodmail.com
Michelina.Conover18,Michelina,Conover,Michelina.Conover18@goodmail.com
Lonnie.Fielding48,Lonnie,Fielding,Lonnie.Fielding48@goodmail.com
Laetitia.Hallsy39,Laetitia,Hallsy,Laetitia.Hallsy39@funmail.com
Kissee.Alley48,Kissee,Alley,Kissee.Alley48@funmail.com
Claudie.Lavine90,Claudie,Lavine,Claudie.Lavine90@testmail.com
Kyrstin.Lenhard75,Kyrstin,Lenhard,Kyrstin.Lenhard75@funmail.com
Stefa.Gardol78,Stefa,Gardol,Stefa.Gardol78@goodmail.com
Fernanda.Shum78,Fernanda,Shum,Fernanda.Shum78@goodmail.com
Olwen.Belak93,Olwen,Belak,Olwen.Belak93@testmail.com
Allyson.Jennine62,Allyson,Jennine,Allyson.Jennine62@goodmail.com
Gay.Derron81,Gay,Derron,Gay.Derron81@testmail.com
Romy.Elazaro90,Romy,Elazaro,Romy.Elazaro90@testmail.com
Mandie.Darby30,Mandie,Darby,Mandie.Darby30@testmail.com
Athena.Fulton16,Athena,Fulton,Athena.Fulton16@funmail.com
Devinne.Egidius83,Devinne,Egidius,Devinne.Egidius83@testmail.com
Pierrette.Roxane8,Pierrette,Roxane,Pierrette.Roxane8@goodmail.com
Abby.Solana24,Abby,Solana,Abby.Solana24@funmail.com
Andy.Christy28,Andy,Christy,Andy.Christy28@funmail.com
Brandea.Miguela45,Brandea,Miguela,Brandea.Miguela45@funmail.com
Margi.Mathia73,Margi,Mathia,Margi.Mathia73@funmail.com
Celene.Dublin15,Celene,Dublin,Celene.Dublin15@testmail.com
Jaclin.Walrath48,Jaclin,Walrath,Jaclin.Walrath48@testmail.com
Chandra.Dzoba74,Chandra,Dzoba,Chandra.Dzoba74@testmail.com
Marjorie.Alano43,Marjorie,Alano,Marjorie.Alano43@testmail.com
Zabrina.Cello70,Zabrina,Cello,Zabrina.Cello70@goodmail.com
Eyde.Mazur5,Eyde,Mazur,Eyde.Mazur5@goodmail.com
Adena.Ornie83,Adena,Ornie,Adena.Ornie83@goodmail.com
Adrianne.Zarger78,Adrianne,Zarger,Adrianne.Zarger78@testmail.com
Tallie.Abbot73,Tallie,Abbot,Tallie.Abbot73@funmail.com
Stace.Milburn52,Stace,Milburn,Stace.Milburn52@goodmail.com
Vinita.Schatz74,Vinita,Schatz,Vinita.Schatz74@funmail.com
Estele.Strauss99,Estele,Strauss,Estele.Strauss99@goodmail.com
Anica.Gibbs82,Anica,Gibbs,Anica.Gibbs82@testmail.com
Nelli.Milstone94,Nelli,Milstone,Nelli.Milstone94@funmail.com
Hatti.Zeeba49,Hatti,Zeeba,Hatti.Zeeba49@testmail.com
Florencia.Philemon44,Florencia,Philemon,Florencia.Philemon44@goodmail.com
Sher.Ray23,Sher,Ray,Sher.Ray23@testmail.com
Bethina.Clayton15,Bethina,Clayton,Bethina.Clayton15@funmail.com
Michaeline.Slocum88,Michaeline,Slocum,Michaeline.Slocum88@funmail.com
Daile.Valdes30,Daile,Valdes,Daile.Valdes30@funmail.com
Mariana.Rennold50,Mariana,Rennold,Mariana.Rennold50@testmail.com
Joanna.Hughett86,Joanna,Hughett,Joanna.Hughett86@testmail.com
Caroljean.Pyle43,Caroljean,Pyle,Caroljean.Pyle43@funmail.com
Kevina.Vachill97,Kevina,Vachill,Kevina.Vachill97@funmail.com
Blondie.Burroughs42,Blondie,Burroughs,Blondie.Burroughs42@funmail.com
Beverie.Wiley28,Beverie,Wiley,Beverie.Wiley28@goodmail.com
Cahra.Myers8,Cahra,Myers,Cahra.Myers8@testmail.com
Zondra.Kaela2,Zondra,Kaela,Zondra.Kaela2@testmail.com
Josepha.Lapointe73,Josepha,Lapointe,Josepha.Lapointe73@goodmail.com
Ingaberg.Hughes40,Ingaberg,Hughes,Ingaberg.Hughes40@testmail.com
Guglielma.Sil30,Guglielma,Sil,Guglielma.Sil30@testmail.com
Kettie.Shue41,Kettie,Shue,Kettie.Shue41@funmail.com
Martica.Tiphani90,Martica,Tiphani,Martica.Tiphani90@goodmail.com
Kerri.Laveen34,Kerri,Laveen,Kerri.Laveen34@testmail.com
Deny.Johannes61,Deny,Johannes,Deny.Johannes61@testmail.com
Juliana.Mistrot35,Juliana,Mistrot,Juliana.Mistrot35@funmail.com
Corinne.Hauck56,Corinne,Hauck,Corinne.Hauck56@funmail.com
Page.Kaplan7,Page,Kaplan,Page.Kaplan7@testmail.com
Teri.Danieu32,Teri,Danieu,Teri.Danieu32@funmail.com
Else.Oliviero3,Else,Oliviero,Else.Oliviero3@testmail.com
Sonny.Idel6,Sonny,Idel,Sonny.Idel6@testmail.com
Carlie.Shaylyn15,Carlie,Shaylyn,Carlie.Shaylyn15@goodmail.com
Merralee.Nika70,Merralee,Nika,Merralee.Nika70@testmail.com
Rochella.Orvan96,Rochella,Orvan,Rochella.Orvan96@goodmail.com
Vale.Vidovik68,Vale,Vidovik,Vale.Vidovik68@funmail.com
Vonny.Bascio66,Vonny,Bascio,Vonny.Bascio66@goodmail.com
Matty.Cung91,Matty,Cung,Matty.Cung91@funmail.com
Clara.Brezin89,Clara,Brezin,Clara.Brezin89@funmail.com
Patti.Menzies9,Patti,Menzies,Patti.Menzies9@testmail.com
Carlynn.Emilie59,Carlynn,Emilie,Carlynn.Emilie59@funmail.com
Elane.Veedis46,Elane,Veedis,Elane.Veedis46@goodmail.com
Maribelle.Johan58,Maribelle,Johan,Maribelle.Johan58@testmail.com
Lorie.Roer14,Lorie,Roer,Lorie.Roer14@testmail.com
Florence.Artie12,Florence,Artie,Florence.Artie12@testmail.com
Rosalinde.Karl16,Rosalinde,Karl,Rosalinde.Karl16@goodmail.com
Theresita.Oringa75,Theresita,Oringa,Theresita.Oringa75@goodmail.com
Kris.Huan38,Kris,Huan,Kris.Huan38@goodmail.com
Elisha.Drugge90,Elisha,Drugge,Elisha.Drugge90@testmail.com
Anny.Jahdal49,Anny,Jahdal,Anny.Jahdal49@goodmail.com
Sharl.Goldenberg44,Sharl,Goldenberg,Sharl.Goldenberg44@goodmail.com
Pooh.Otto54,Pooh,Otto,Pooh.Otto54@goodmail.com
Rasia.Norina31,Rasia,Norina,Rasia.Norina31@funmail.com
Eryn.Kataway27,Eryn,Kataway,Eryn.Kataway27@testmail.com
Kim.Cato68,Kim,Cato,Kim.Cato68@testmail.com
Amabel.Anestassia45,Amabel,Anestassia,Amabel.Anestassia45@goodmail.com
Allina.Yulma57,Allina,Yulma,Allina.Yulma57@goodmail.com
Grayce.Domel61,Grayce,Domel,Grayce.Domel61@testmail.com
Gabbey.Adamson93,Gabbey,Adamson,Gabbey.Adamson93@goodmail.com
Jemmie.Switzer84,Jemmie,Switzer,Jemmie.Switzer84@funmail.com
Erminie.Hooke76,Erminie,Hooke,Erminie.Hooke76@goodmail.com
Tybie.Nero88,Tybie,Nero,Tybie.Nero88@goodmail.com
Robbin.Laise92,Robbin,Laise,Robbin.Laise92@testmail.com
Audre.Landau45,Audre,Landau,Audre.Landau45@funmail.com
Kalinda.Wassyngton41,Kalinda,Wassyngton,Kalinda.Wassyngton41@funmail.com
Kaycee.Zinn28,Kaycee,Zinn,Kaycee.Zinn28@testmail.com
Vanny.Fidel39,Vanny,Fidel,Vanny.Fidel39@funmail.com
Sapphire.Grearson27,Sapphire,Grearson,Sapphire.Grearson27@testmail.com
Marilee.Wilkens63,Marilee,Wilkens,Marilee.Wilkens63@goodmail.com
Norry.Shakespeare52,Norry,Shakespeare,Norry.Shakespeare52@funmail.com
Valentine.Nerland77,Valentine,Nerland,Valentine.Nerland77@funmail.com
Caye.Bent53,Caye,Bent,Caye.Bent53@testmail.com
Riki.Yuma62,Riki,Yuma,Riki.Yuma62@funmail.com
Niki.Kenric44,Niki,Kenric,Niki.Kenric44@funmail.com
Sophie.Maxfield19,Sophie,Maxfield,Sophie.Maxfield19@goodmail.com
Frieda.Laks42,Frieda,Laks,Frieda.Laks42@funmail.com
Trixi.Nielson56,Trixi,Nielson,Trixi.Nielson56@funmail.com
Elfie.Alper37,Elfie,Alper,Elfie.Alper37@funmail.com
Hilliary.Beaner32,Hilliary,Beaner,Hilliary.Beaner32@funmail.com
Aigneis.Mira6,Aigneis,Mira,Aigneis.Mira6@funmail.com
Shawnee.Farris86,Shawnee,Farris,Shawnee.Farris86@goodmail.com
Dacy.Server57,Dacy,Server,Dacy.Server57@testmail.com
Romona.Manoff86,Romona,Manoff,Romona.Manoff86@goodmail.com
Darlleen.Gordon28,Darlleen,Gordon,Darlleen.Gordon28@goodmail.com
Olva.Kleeman56,Olva,Kleeman,Olva.Kleeman56@funmail.com
Diannne.Emlin12,Diannne,Emlin,Diannne.Emlin12@funmail.com
Dulsea.Hoes76,Dulsea,Hoes,Dulsea.Hoes76@goodmail.com
Carlina.Chae37,Carlina,Chae,Carlina.Chae37@funmail.com
Kandace.Garlaand83,Kandace,Garlaand,Kandace.Garlaand83@funmail.com
Maryjane.Previdi19,Maryjane,Previdi,Maryjane.Previdi19@goodmail.com
Laverna.Doelling53,Laverna,Doelling,Laverna.Doelling53@goodmail.com
Diahann.Waters74,Diahann,Waters,Diahann.Waters74@goodmail.com
Harriet.Hyland74,Harriet,Hyland,Harriet.Hyland74@goodmail.com
Fawne.Solange80,Fawne,Solange,Fawne.Solange80@funmail.com
Zelma.Clair94,Zelma,Clair,Zelma.Clair94@testmail.com
Lilia.Lucina36,Lilia,Lucina,Lilia.Lucina36@testmail.com
Amelita.Smail63,Amelita,Smail,Amelita.Smail63@goodmail.com
Rhonda.Moe29,Rhonda,Moe,Rhonda.Moe29@goodmail.com
Max.Gray89,Max,Gray,Max.Gray89@funmail.com
Gay.Marsiella61,Gay,Marsiella,Gay.Marsiella61@goodmail.com
Laurice.Sarid29,Laurice,Sarid,Laurice.Sarid29@goodmail.com
Casie.Melanie89,Casie,Melanie,Casie.Melanie89@goodmail.com
Elizabet.Zobkiw42,Elizabet,Zobkiw,Elizabet.Zobkiw42@goodmail.com
Ronni.Willey1,Ronni,Willey,Ronni.Willey1@funmail.com
Caprice.Mercie99,Caprice,Mercie,Caprice.Mercie99@goodmail.com
Sue.Takeshi63,Sue,Takeshi,Sue.Takeshi63@goodmail.com
Sarine.Nate92,Sarine,Nate,Sarine.Nate92@funmail.com
Catriona.Ji69,Catriona,Ji,Catriona.Ji69@funmail.com
Ella.Stasny91,Ella,Stasny,Ella.Stasny91@funmail.com
Pammie.Doss17,Pammie,Doss,Pammie.Doss17@testmail.com
Aidan.Barbuto48,Aidan,Barbuto,Aidan.Barbuto48@goodmail.com
Benedicta.Clio88,Benedicta,Clio,Benedicta.Clio88@goodmail.com
Bernice.Blockus34,Bernice,Blockus,Bernice.Blockus34@goodmail.com
Constance.Nabala12,Constance,Nabala,Constance.Nabala12@goodmail.com
Myriam.Ruffina4,Myriam,Ruffina,Myriam.Ruffina4@funmail.com
Sofie.Alf59,Sofie,Alf,Sofie.Alf59@funmail.com
Maddi.Jemmy74,Maddi,Jemmy,Maddi.Jemmy74@testmail.com
Donnie.Elwina15,Donnie,Elwina,Donnie.Elwina15@testmail.com
Jordain.Leavitt72,Jordain,Leavitt,Jordain.Leavitt72@funmail.com
Erica.Gavini26,Erica,Gavini,Erica.Gavini26@funmail.com
Elyssa.Avner32,Elyssa,Avner,Elyssa.Avner32@testmail.com
Corabella.Risa12,Corabella,Risa,Corabella.Risa12@goodmail.com
Krissie.Lindeberg35,Krissie,Lindeberg,Krissie.Lindeberg35@funmail.com
Valentine.Mill90,Valentine,Mill,Valentine.Mill90@testmail.com
Twila.Bonni14,Twila,Bonni,Twila.Bonni14@goodmail.com
Clarice.Georgeanne83,Clarice,Georgeanne,Clarice.Georgeanne83@testmail.com
Joyan.Lorianne75,Joyan,Lorianne,Joyan.Lorianne75@testmail.com
Blanch.Seale11,Blanch,Seale,Blanch.Seale11@funmail.com
Tonye.Nella57,Tonye,Nella,Tonye.Nella57@goodmail.com
Lucretia.Kristina91,Lucretia,Kristina,Lucretia.Kristina91@testmail.com
Almeria.Jemima72,Almeria,Jemima,Almeria.Jemima72@goodmail.com
Laurice.Redman64,Laurice,Redman,Laurice.Redman64@testmail.com
Ame.Wetzell43,Ame,Wetzell,Ame.Wetzell43@goodmail.com
Kimberly.Tay24,Kimberly,Tay,Kimberly.Tay24@testmail.com
Zorina.Jeannie66,Zorina,Jeannie,Zorina.Jeannie66@goodmail.com
Tonya.Golter2,Tonya,Golter,Tonya.Golter2@testmail.com
Lianne.Appleton54,Lianne,Appleton,Lianne.Appleton54@goodmail.com
Corrie.Quincey6,Corrie,Quincey,Corrie.Quincey6@goodmail.com
Nora.Lothar33,Nora,Lothar,Nora.Lothar33@funmail.com
Clarey.Jessalyn24,Clarey,Jessalyn,Clarey.Jessalyn24@goodmail.com
Adriane.Cerys75,Adriane,Cerys,Adriane.Cerys75@funmail.com
Carlota.Athene55,Carlota,Athene,Carlota.Athene55@testmail.com
Jacquelin.Bremen56,Jacquelin,Bremen,Jacquelin.Bremen56@funmail.com
Kala.Lopes30,Kala,Lopes,Kala.Lopes30@funmail.com
Nert.Englebert74,Nert,Englebert,Nert.Englebert74@testmail.com
Binny.O'Connell43,Binny,O'Connell,Binny.O'Connell43@funmail.com
Clarisse.Rockie75,Clarisse,Rockie,Clarisse.Rockie75@testmail.com
Emylee.Eckel34,Emylee,Eckel,Emylee.Eckel34@goodmail.com
Moyna.Intosh20,Moyna,Intosh,Moyna.Intosh20@funmail.com
Alayne.Verner61,Alayne,Verner,Alayne.Verner61@funmail.com
Almire.Rajiv55,Almire,Rajiv,Almire.Rajiv55@funmail.com
Nanine.Coral3,Nanine,Coral,Nanine.Coral3@funmail.com
Donny.Ree31,Donny,Ree,Donny.Ree31@funmail.com
Adore.Jenesia18,Adore,Jenesia,Adore.Jenesia18@funmail.com
Sabrina.Rheba27,Sabrina,Rheba,Sabrina.Rheba27@funmail.com
Lizbeth.Tate97,Lizbeth,Tate,Lizbeth.Tate97@goodmail.com
Dahlia.Dylana6,Dahlia,Dylana,Dahlia.Dylana6@funmail.com
Corey.Lipcombe83,Corey,Lipcombe,Corey.Lipcombe83@goodmail.com
Loralie.Descombes64,Loralie,Descombes,Loralie.Descombes64@goodmail.com
Nelli.Wayolle71,Nelli,Wayolle,Nelli.Wayolle71@funmail.com
Konstanze.Marcoux43,Konstanze,Marcoux,Konstanze.Marcoux43@goodmail.com
Eliza.Maryl29,Eliza,Maryl,Eliza.Maryl29@testmail.com
Jacquelyn.Shakespeare24,Jacquelyn,Shakespeare,Jacquelyn.Shakespeare24@goodmail.com
Elene.Livi99,Elene,Livi,Elene.Livi99@testmail.com
Stephine.Allistir83,Stephine,Allistir,Stephine.Allistir83@funmail.com
Annie.Arvid67,Annie,Arvid,Annie.Arvid67@testmail.com
Cathlene.Freiman41,Cathlene,Freiman,Cathlene.Freiman41@testmail.com
Mab.Gabby40,Mab,Gabby,Mab.Gabby40@funmail.com
Averil.Trimble12,Averil,Trimble,Averil.Trimble12@goodmail.com
Lynnett.Vernen34,Lynnett,Vernen,Lynnett.Vernen34@testmail.com
Christi.Hacker34,Christi,Hacker,Christi.Hacker34@goodmail.com
Theresa.Saks48,Theresa,Saks,Theresa.Saks48@goodmail.com
Rozina.Elsie80,Rozina,Elsie,Rozina.Elsie80@funmail.com
Esma.Eulalee20,Esma,Eulalee,Esma.Eulalee20@testmail.com
Rosabella.Sarkaria73,Rosabella,Sarkaria,Rosabella.Sarkaria73@testmail.com
Kariotta.Veda1,Kariotta,Veda,Kariotta.Veda1@testmail.com
Phaidra.Fortuna55,Phaidra,Fortuna,Phaidra.Fortuna55@funmail.com
Leda.Alf56,Leda,Alf,Leda.Alf56@testmail.com
Ebony.Blumenfeld97,Ebony,Blumenfeld,Ebony.Blumenfeld97@funmail.com
Jinny.Geri46,Jinny,Geri,Jinny.Geri46@testmail.com
Clemence.Koser22,Clemence,Koser,Clemence.Koser22@goodmail.com
Marylynne.Charin7,Marylynne,Charin,Marylynne.Charin7@goodmail.com
Flore.Gottfried89,Flore,Gottfried,Flore.Gottfried89@goodmail.com
Zahara.Melisenda2,Zahara,Melisenda,Zahara.Melisenda2@funmail.com
Davida.Annabella72,Davida,Annabella,Davida.Annabella72@testmail.com
Catlaina.Sergent21,Catlaina,Sergent,Catlaina.Sergent21@goodmail.com
Cacilie.Utta12,Cacilie,Utta,Cacilie.Utta12@testmail.com
Sarah.Nicolais77,Sarah,Nicolais,Sarah.Nicolais77@testmail.com
Kirstin.Cissie13,Kirstin,Cissie,Kirstin.Cissie13@goodmail.com
Trescha.Nadabas92,Trescha,Nadabas,Trescha.Nadabas92@funmail.com
Regine.Conah55,Regine,Conah,Regine.Conah55@testmail.com
Allys.Alcott71,Allys,Alcott,Allys.Alcott71@goodmail.com
Wylma.Selestina22,Wylma,Selestina,Wylma.Selestina22@testmail.com
Mellisent.Monagan28,Mellisent,Monagan,Mellisent.Monagan28@funmail.com
Sena.Delsman17,Sena,Delsman,Sena.Delsman17@funmail.com
Eulalie.Minor94,Eulalie,Minor,Eulalie.Minor94@funmail.com
Una.Pascia81,Una,Pascia,Una.Pascia81@testmail.com
Livia.Atalanti89,Livia,Atalanti,Livia.Atalanti89@goodmail.com
Georgie.Bertolde82,Georgie,Bertolde,Georgie.Bertolde82@goodmail.com
Cami.Proudman72,Cami,Proudman,Cami.Proudman72@goodmail.com
Matti.Mitzie92,Matti,Mitzie,Matti.Mitzie92@goodmail.com
Eolanda.Jestude91,Eolanda,Jestude,Eolanda.Jestude91@funmail.com
Mary.Freedman24,Mary,Freedman,Mary.Freedman24@testmail.com
Krissie.Longley10,Krissie,Longley,Krissie.Longley10@testmail.com
Estele.Alfreda28,Estele,Alfreda,Estele.Alfreda28@goodmail.com
Modestia.Hijoung2,Modestia,Hijoung,Modestia.Hijoung2@goodmail.com
Shaina.Clarinda40,Shaina,Clarinda,Shaina.Clarinda40@funmail.com
Janela.Rahm59,Janela,Rahm,Janela.Rahm59@goodmail.com
Calli.Barsky45,Calli,Barsky,Calli.Barsky45@testmail.com
Darrelle.Holton37,Darrelle,Holton,Darrelle.Holton37@testmail.com
Chicky.Kenn93,Chicky,Kenn,Chicky.Kenn93@testmail.com
Donny.Atkins39,Donny,Atkins,Donny.Atkins39@goodmail.com
Aggy.Lindgren68,Aggy,Lindgren,Aggy.Lindgren68@goodmail.com
Ronni.Sidras12,Ronni,Sidras,Ronni.Sidras12@goodmail.com
Muffin.Achilles14,Muffin,Achilles,Muffin.Achilles14@goodmail.com
Adelaida.Pearman53,Adelaida,Pearman,Adelaida.Pearman53@funmail.com
Melodee.Salvucci40,Melodee,Salvucci,Melodee.Salvucci40@testmail.com
Horatia.Pros69,Horatia,Pros,Horatia.Pros69@goodmail.com
Sharai.Nisse40,Sharai,Nisse,Sharai.Nisse40@goodmail.com
Lorilyn.Summer53,Lorilyn,Summer,Lorilyn.Summer53@funmail.com
Nadiya.Christina92,Nadiya,Christina,Nadiya.Christina92@funmail.com
Elyn.Graig58,Elyn,Graig,Elyn.Graig58@goodmail.com
Idaline.Shiff46,Idaline,Shiff,Idaline.Shiff46@funmail.com
Felipa.Mitman55,Felipa,Mitman,Felipa.Mitman55@funmail.com
Belva.Goldie35,Belva,Goldie,Belva.Goldie35@goodmail.com
Corette.Garretson79,Corette,Garretson,Corette.Garretson79@testmail.com
Lou.Gervais53,Lou,Gervais,Lou.Gervais53@funmail.com
Caroljean.Eskill46,Caroljean,Eskill,Caroljean.Eskill46@goodmail.com
Ruth.Webster89,Ruth,Webster,Ruth.Webster89@goodmail.com
Ashil.Fachini48,Ashil,Fachini,Ashil.Fachini48@goodmail.com
Wynne.Kerrie65,Wynne,Kerrie,Wynne.Kerrie65@funmail.com
Laureen.Sorilda3,Laureen,Sorilda,Laureen.Sorilda3@goodmail.com
Lu.Heather16,Lu,Heather,Lu.Heather16@goodmail.com
Eimile.Horowitz74,Eimile,Horowitz,Eimile.Horowitz74@funmail.com
Christye.Cristie56,Christye,Cristie,Christye.Cristie56@goodmail.com
Philippa.Dolley10,Philippa,Dolley,Philippa.Dolley10@funmail.com
Jaimie.Moll54,Jaimie,Moll,Jaimie.Moll54@funmail.com
Marie-Jeanne.Brittne94,Marie-Jeanne,Brittne,Marie-Jeanne.Brittne94@goodmail.com
Margi.Micheal55,Margi,Micheal,Margi.Micheal55@funmail.com
Cate.Judith6,Cate,Judith,Cate.Judith6@testmail.com
Daryn.Merat70,Daryn,Merat,Daryn.Merat70@funmail.com
Leslie.Fanchie37,Leslie,Fanchie,Leslie.Fanchie37@testmail.com
Chery.Paresh38,Chery,Paresh,Chery.Paresh38@testmail.com
Meggy.Kandy89,Meggy,Kandy,Meggy.Kandy89@testmail.com
Hadria.Zephan69,Hadria,Zephan,Hadria.Zephan69@testmail.com
Tamqrah.Fen26,Tamqrah,Fen,Tamqrah.Fen26@goodmail.com
Adel.Grier31,Adel,Grier,Adel.Grier31@testmail.com
Adey.Bouzoun9,Adey,Bouzoun,Adey.Bouzoun9@goodmail.com
Amelie.Eward40,Amelie,Eward,Amelie.Eward40@funmail.com
Jerrylee.Sudnor64,Jerrylee,Sudnor,Jerrylee.Sudnor64@goodmail.com
Riane.Joscelin98,Riane,Joscelin,Riane.Joscelin98@testmail.com
Jill.Nana81,Jill,Nana,Jill.Nana81@funmail.com
Noella.Cacilie74,Noella,Cacilie,Noella.Cacilie74@goodmail.com
Malia.Battista71,Malia,Battista,Malia.Battista71@funmail.com
Sunny.Luisa38,Sunny,Luisa,Sunny.Luisa38@funmail.com
Grissel.Polk30,Grissel,Polk,Grissel.Polk30@testmail.com
Veda.Bellaude17,Veda,Bellaude,Veda.Bellaude17@goodmail.com
Drusie.Lianne86,Drusie,Lianne,Drusie.Lianne86@testmail.com
Moria.Otter97,Moria,Otter,Moria.Otter97@funmail.com
Inger.Colbye27,Inger,Colbye,Inger.Colbye27@funmail.com
Alecia.Wei65,Alecia,Wei,Alecia.Wei65@goodmail.com
Dorolice.Julissa21,Dorolice,Julissa,Dorolice.Julissa21@goodmail.com
Rodi.Ellingston65,Rodi,Ellingston,Rodi.Ellingston65@goodmail.com
Sile.Sasnett39,Sile,Sasnett,Sile.Sasnett39@goodmail.com
Morgan.Zippel33,Morgan,Zippel,Morgan.Zippel33@testmail.com
Donnie.Averir21,Donnie,Averir,Donnie.Averir21@testmail.com
Lidia.Rock42,Lidia,Rock,Lidia.Rock42@goodmail.com
Nora.Meadow20,Nora,Meadow,Nora.Meadow20@goodmail.com
Clemmy.Golub56,Clemmy,Golub,Clemmy.Golub56@goodmail.com
Kendra.Savior5,Kendra,Savior,Kendra.Savior5@goodmail.com
Janella.Alva34,Janella,Alva,Janella.Alva34@funmail.com
Mariya.Brigit59,Mariya,Brigit,Mariya.Brigit59@testmail.com
Billye.Ridinger65,Billye,Ridinger,Billye.Ridinger65@funmail.com
Mavra.Kirst8,Mavra,Kirst,Mavra.Kirst8@testmail.com
Mei.Schultz18,Mei,Schultz,Mei.Schultz18@goodmail.com
Jobie.Caren53,Jobie,Caren,Jobie.Caren53@goodmail.com
Brynn.Singer98,Brynn,Singer,Brynn.Singer98@testmail.com
Engracia.Tutto69,Engracia,Tutto,Engracia.Tutto69@goodmail.com
Rasla.Humph4,Rasla,Humph,Rasla.Humph4@testmail.com
Abbi.Nicholas17,Abbi,Nicholas,Abbi.Nicholas17@testmail.com
Corie.Milburn88,Corie,Milburn,Corie.Milburn88@goodmail.com
Eustacia.Rudich93,Eustacia,Rudich,Eustacia.Rudich93@testmail.com
Phoebe.Rouvin63,Phoebe,Rouvin,Phoebe.Rouvin63@goodmail.com
Kelly.Aeriela28,Kelly,Aeriela,Kelly.Aeriela28@testmail.com
Karlie.Alain43,Karlie,Alain,Karlie.Alain43@testmail.com
Maggi.Shauna31,Maggi,Shauna,Maggi.Shauna31@funmail.com
Stephanie.Tobey15,Stephanie,Tobey,Stephanie.Tobey15@funmail.com
Rheba.Photima73,Rheba,Photima,Rheba.Photima73@goodmail.com
Charla.Els78,Charla,Els,Charla.Els78@funmail.com
Brigitta.Tracay56,Brigitta,Tracay,Brigitta.Tracay56@goodmail.com
Nadya.Aili86,Nadya,Aili,Nadya.Aili86@testmail.com
Rodi.Benildas46,Rodi,Benildas,Rodi.Benildas46@goodmail.com
Kylila.Squire9,Kylila,Squire,Kylila.Squire9@testmail.com
Irina.Belicia20,Irina,Belicia,Irina.Belicia20@goodmail.com
Vinni.Giverin10,Vinni,Giverin,Vinni.Giverin10@testmail.com
Bobina.Benetta45,Bobina,Benetta,Bobina.Benetta45@testmail.com
Lynnet.Farris58,Lynnet,Farris,Lynnet.Farris58@funmail.com
Raye.Sacha92,Raye,Sacha,Raye.Sacha92@goodmail.com
Arline.Docile45,Arline,Docile,Arline.Docile45@funmail.com
Rosemarie.Perpetua39,Rosemarie,Perpetua,Rosemarie.Perpetua39@testmail.com
Dasi.Harberd69,Dasi,Harberd,Dasi.Harberd69@funmail.com
Pris.Yokum67,Pris,Yokum,Pris.Yokum67@goodmail.com
Heidi.Yokoyama21,Heidi,Yokoyama,Heidi.Yokoyama21@funmail.com
Isabel.Avivah34,Isabel,Avivah,Isabel.Avivah34@goodmail.com
Gertrudis.Birgitta62,Gertrudis,Birgitta,Gertrudis.Birgitta62@testmail.com
Larine.Valoniah12,Larine,Valoniah,Larine.Valoniah12@goodmail.com
Gusella.Irina72,Gusella,Irina,Gusella.Irina72@goodmail.com
Astra.Dosi23,Astra,Dosi,Astra.Dosi23@goodmail.com
Guenevere.Poole34,Guenevere,Poole,Guenevere.Poole34@goodmail.com
Janith.Errol29,Janith,Errol,Janith.Errol29@testmail.com
Valentine.Eldin27,Valentine,Eldin,Valentine.Eldin27@goodmail.com
Lebbie.Osei49,Lebbie,Osei,Lebbie.Osei49@testmail.com
Cicily.Symons73,Cicily,Symons,Cicily.Symons73@funmail.com
Helaina.Althee70,Helaina,Althee,Helaina.Althee70@goodmail.com
Madelle.Brittnee24,Madelle,Brittnee,Madelle.Brittnee24@testmail.com
Lilian.MacLay84,Lilian,MacLay,Lilian.MacLay84@testmail.com
Rosemaria.Fineman78,Rosemaria,Fineman,Rosemaria.Fineman78@testmail.com
Lizabeth.Fredela56,Lizabeth,Fredela,Lizabeth.Fredela56@goodmail.com
Roselin.Grantland60,Roselin,Grantland,Roselin.Grantland60@goodmail.com
Dorotea.Jegger11,Dorotea,Jegger,Dorotea.Jegger11@funmail.com
Ester.Jeffry79,Ester,Jeffry,Ester.Jeffry79@testmail.com
Dyan.Dreyer75,Dyan,Dreyer,Dyan.Dreyer75@funmail.com
Lidia.Norvun90,Lidia,Norvun,Lidia.Norvun90@goodmail.com
Gilberte.Viguerie67,Gilberte,Viguerie,Gilberte.Viguerie67@testmail.com
Dode.Sundin90,Dode,Sundin,Dode.Sundin90@testmail.com
Anatola.Jaquith61,Anatola,Jaquith,Anatola.Jaquith61@funmail.com
Kathye.Judye16,Kathye,Judye,Kathye.Judye16@testmail.com
Joanie.Sharpe24,Joanie,Sharpe,Joanie.Sharpe24@funmail.com
Jenine.Amena59,Jenine,Amena,Jenine.Amena59@funmail.com
Roseann.Dryfoos62,Roseann,Dryfoos,Roseann.Dryfoos62@funmail.com
Nicholle.Alleris73,Nicholle,Alleris,Nicholle.Alleris73@funmail.com
Addi.Roberta37,Addi,Roberta,Addi.Roberta37@funmail.com
Nance.Raimondo83,Nance,Raimondo,Nance.Raimondo83@goodmail.com
Hyacinthe.Tiloine32,Hyacinthe,Tiloine,Hyacinthe.Tiloine32@testmail.com
Federica.Freddy55,Federica,Freddy,Federica.Freddy55@funmail.com
Doti.Tutt48,Doti,Tutt,Doti.Tutt48@testmail.com
Lilias.Duffy89,Lilias,Duffy,Lilias.Duffy89@testmail.com
Genovera.Giovanni15,Genovera,Giovanni,Genovera.Giovanni15@testmail.com
April.Gawen25,April,Gawen,April.Gawen25@funmail.com
Janelle.Rudich73,Janelle,Rudich,Janelle.Rudich73@testmail.com
Lindsy.Priest89,Lindsy,Priest,Lindsy.Priest89@goodmail.com
Wrennie.Cykana68,Wrennie,Cykana,Wrennie.Cykana68@testmail.com
Dale.Cosmo68,Dale,Cosmo,Dale.Cosmo68@goodmail.com
Maxy.Mozelle87,Maxy,Mozelle,Maxy.Mozelle87@funmail.com
Gerrie.Sexton79,Gerrie,Sexton,Gerrie.Sexton79@goodmail.com
Virginia.Seen65,Virginia,Seen,Virginia.Seen65@testmail.com
Jeanine.Genet51,Jeanine,Genet,Jeanine.Genet51@funmail.com
Merilyn.Giguere53,Merilyn,Giguere,Merilyn.Giguere53@funmail.com
Sallee.Georgie17,Sallee,Georgie,Sallee.Georgie17@goodmail.com
Ilene.Sergio1,Ilene,Sergio,Ilene.Sergio1@goodmail.com
Kaela.Feriga6,Kaela,Feriga,Kaela.Feriga6@funmail.com
Elane.Viviyan28,Elane,Viviyan,Elane.Viviyan28@goodmail.com
Oralle.Goddord86,Oralle,Goddord,Oralle.Goddord86@funmail.com
Marris.Cecilio95,Marris,Cecilio,Marris.Cecilio95@goodmail.com
Abigael.Baptlsta46,Abigael,Baptlsta,Abigael.Baptlsta46@testmail.com
Chryste.Wimsatt59,Chryste,Wimsatt,Chryste.Wimsatt59@goodmail.com
Dniren.Moritz52,Dniren,Moritz,Dniren.Moritz52@testmail.com
Darci.Pitzer65,Darci,Pitzer,Darci.Pitzer65@testmail.com
Laural.Scever97,Laural,Scever,Laural.Scever97@goodmail.com
Indira.Kiyoshi30,Indira,Kiyoshi,Indira.Kiyoshi30@funmail.com
Kaye.Kiefer95,Kaye,Kiefer,Kaye.Kiefer95@funmail.com
Cora.Zarger49,Cora,Zarger,Cora.Zarger49@goodmail.com
Margarette.Dolora70,Margarette,Dolora,Margarette.Dolora70@funmail.com
Kata.Scotti51,Kata,Scotti,Kata.Scotti51@funmail.com
Clareta.Manly18,Clareta,Manly,Clareta.Manly18@testmail.com
Ardis.Kendra52,Ardis,Kendra,Ardis.Kendra52@testmail.com
Jonie.Ivetts15,Jonie,Ivetts,Jonie.Ivetts15@goodmail.com
Loraine.Nickey57,Loraine,Nickey,Loraine.Nickey57@funmail.com
Aura.Lynnett93,Aura,Lynnett,Aura.Lynnett93@testmail.com
Quinn.Nickolai5,Quinn,Nickolai,Quinn.Nickolai5@funmail.com
Anette.Bourgeois68,Anette,Bourgeois,Anette.Bourgeois68@funmail.com
Marilin.Shelagh52,Marilin,Shelagh,Marilin.Shelagh52@funmail.com
Friederike.Adamok57,Friederike,Adamok,Friederike.Adamok57@funmail.com
Rhoda.Terti59,Rhoda,Terti,Rhoda.Terti59@testmail.com
Janean.Rosen28,Janean,Rosen,Janean.Rosen28@testmail.com
Ardene.Filmore25,Ardene,Filmore,Ardene.Filmore25@testmail.com
Silvana.Waddell64,Silvana,Waddell,Silvana.Waddell64@testmail.com
Cheryl.Maite79,Cheryl,Maite,Cheryl.Maite79@goodmail.com
Morgen.Hetti71,Morgen,Hetti,Morgen.Hetti71@funmail.com
Philippe.Pasquale45,Philippe,Pasquale,Philippe.Pasquale45@testmail.com
Bonnee.Goldstein45,Bonnee,Goldstein,Bonnee.Goldstein45@testmail.com
Suzette.Meibers84,Suzette,Meibers,Suzette.Meibers84@goodmail.com
Karlen.Orfinger54,Karlen,Orfinger,Karlen.Orfinger54@funmail.com
Amie.Cleaves49,Amie,Cleaves,Amie.Cleaves49@testmail.com
Harli.Grosberg75,Harli,Grosberg,Harli.Grosberg75@goodmail.com
Teddie.Ruzich67,Teddie,Ruzich,Teddie.Ruzich67@funmail.com
Ansley.Chisholm31,Ansley,Chisholm,Ansley.Chisholm31@funmail.com
Noelle.Armillia39,Noelle,Armillia,Noelle.Armillia39@funmail.com
Emmalynn.Seligmann35,Emmalynn,Seligmann,Emmalynn.Seligmann35@funmail.com
Vanda.Dorelle54,Vanda,Dorelle,Vanda.Dorelle54@funmail.com
Rahal.Rosabelle88,Rahal,Rosabelle,Rahal.Rosabelle88@goodmail.com
Tate.Chouest75,Tate,Chouest,Tate.Chouest75@funmail.com
Melosa.Hahnke77,Melosa,Hahnke,Melosa.Hahnke77@funmail.com
Jacqueline.Gare38,Jacqueline,Gare,Jacqueline.Gare38@testmail.com
Terra.Dianemarie12,Terra,Dianemarie,Terra.Dianemarie12@testmail.com
Beret.Pelletier4,Beret,Pelletier,Beret.Pelletier4@funmail.com
Pammy.Jilli31,Pammy,Jilli,Pammy.Jilli31@testmail.com
Shirley.Manouch66,Shirley,Manouch,Shirley.Manouch66@goodmail.com
Fenelia.Taka10,Fenelia,Taka,Fenelia.Taka10@goodmail.com
Theadora.Aenneea80,Theadora,Aenneea,Theadora.Aenneea80@goodmail.com
Uta.Etta2,Uta,Etta,Uta.Etta2@funmail.com
Minda.Hanford86,Minda,Hanford,Minda.Hanford86@goodmail.com
Kirbie.Mindy27,Kirbie,Mindy,Kirbie.Mindy27@goodmail.com
Kalindi.Hosbein70,Kalindi,Hosbein,Kalindi.Hosbein70@testmail.com
Kamila.Lynnette24,Kamila,Lynnette,Kamila.Lynnette24@goodmail.com
Emma.Capp86,Emma,Capp,Emma.Capp86@goodmail.com
Cassandra.Welby85,Cassandra,Welby,Cassandra.Welby85@funmail.com
Juanita.Wilkens59,Juanita,Wilkens,Juanita.Wilkens59@funmail.com
Koren.Jehanna34,Koren,Jehanna,Koren.Jehanna34@goodmail.com
Ulrike.Mignon53,Ulrike,Mignon,Ulrike.Mignon53@funmail.com
Rayna.Abraham94,Rayna,Abraham,Rayna.Abraham94@goodmail.com
Lacie.Sathrum46,Lacie,Sathrum,Lacie.Sathrum46@funmail.com
Georgina.Flowers4,Georgina,Flowers,Georgina.Flowers4@funmail.com
Rachelle.Ahmed97,Rachelle,Ahmed,Rachelle.Ahmed97@funmail.com
Xylia.Boorer8,Xylia,Boorer,Xylia.Boorer8@funmail.com
Bettina.Jayne12,Bettina,Jayne,Bettina.Jayne12@testmail.com
Mair.Hovey12,Mair,Hovey,Mair.Hovey12@goodmail.com
Stefania.Winther45,Stefania,Winther,Stefania.Winther45@testmail.com
Eva.Grissom3,Eva,Grissom,Eva.Grissom3@goodmail.com
Muire.Charline60,Muire,Charline,Muire.Charline60@funmail.com
Chiquita.Averir57,Chiquita,Averir,Chiquita.Averir57@funmail.com
Iona.Timothea51,Iona,Timothea,Iona.Timothea51@goodmail.com
Kitti.Rothberg33,Kitti,Rothberg,Kitti.Rothberg33@funmail.com
Lezlie.Candide38,Lezlie,Candide,Lezlie.Candide38@goodmail.com
Nadean.Pantin27,Nadean,Pantin,Nadean.Pantin27@goodmail.com
Ruthi.Meyeroff66,Ruthi,Meyeroff,Ruthi.Meyeroff66@funmail.com
Patrice.Levison1,Patrice,Levison,Patrice.Levison1@funmail.com
Nina.Fairman33,Nina,Fairman,Nina.Fairman33@goodmail.com
Starlin.Levin29,Starlin,Levin,Starlin.Levin29@testmail.com
Steffi.Bergen24,Steffi,Bergen,Steffi.Bergen24@funmail.com
Maud.Granniah92,Maud,Granniah,Maud.Granniah92@funmail.com
Chere.Cappella8,Chere,Cappella,Chere.Cappella8@testmail.com
Nani.Shari32,Nani,Shari,Nani.Shari32@testmail.com
Iolande.Marieann58,Iolande,Marieann,Iolande.Marieann58@goodmail.com
Josselyn.Cathy82,Josselyn,Cathy,Josselyn.Cathy82@funmail.com
Aprilette.Cissiee92,Aprilette,Cissiee,Aprilette.Cissiee92@goodmail.com
Avie.Hanfurd59,Avie,Hanfurd,Avie.Hanfurd59@goodmail.com
Jesselyn.Humpage75,Jesselyn,Humpage,Jesselyn.Humpage75@testmail.com
Bryn.Brozak4,Bryn,Brozak,Bryn.Brozak4@testmail.com
Megan.Aluin65,Megan,Aluin,Megan.Aluin65@goodmail.com
Eve.Alain61,Eve,Alain,Eve.Alain61@goodmail.com
Adorne.Adel98,Adorne,Adel,Adorne.Adel98@goodmail.com
Lona.Meadows23,Lona,Meadows,Lona.Meadows23@testmail.com
Deeann.Risser15,Deeann,Risser,Deeann.Risser15@testmail.com
Lanny.Iyre93,Lanny,Iyre,Lanny.Iyre93@funmail.com
Dynah.Mort41,Dynah,Mort,Dynah.Mort41@testmail.com
Naomi.Dacey66,Naomi,Dacey,Naomi.Dacey66@goodmail.com
Dorise.Bernardi49,Dorise,Bernardi,Dorise.Bernardi49@goodmail.com
Ilysa.Lennie38,Ilysa,Lennie,Ilysa.Lennie38@funmail.com
Flory.Hatfield83,Flory,Hatfield,Flory.Hatfield83@testmail.com
Arluene.Cutlor89,Arluene,Cutlor,Arluene.Cutlor89@goodmail.com
Bobette.Pyle42,Bobette,Pyle,Bobette.Pyle42@funmail.com
Sisile.Sidnee78,Sisile,Sidnee,Sisile.Sidnee78@funmail.com
Fey.Keelin54,Fey,Keelin,Fey.Keelin54@goodmail.com
Ailene.Tisbe83,Ailene,Tisbe,Ailene.Tisbe83@testmail.com
Ailina.Feinleib28,Ailina,Feinleib,Ailina.Feinleib28@funmail.com
Marena.Lenard73,Marena,Lenard,Marena.Lenard73@funmail.com
Lainey.Raycher63,Lainey,Raycher,Lainey.Raycher63@testmail.com
Gleda.England82,Gleda,England,Gleda.England82@testmail.com
Ebba.Hamer71,Ebba,Hamer,Ebba.Hamer71@funmail.com
Alfy.Shoemaker7,Alfy,Shoemaker,Alfy.Shoemaker7@goodmail.com
Josselyn.Hedwig42,Josselyn,Hedwig,Josselyn.Hedwig42@testmail.com
Katharine.Lynnette77,Katharine,Lynnette,Katharine.Lynnette77@testmail.com
Jacquie.Esme99,Jacquie,Esme,Jacquie.Esme99@funmail.com
Anne-Corinne.Lenette12,Anne-Corinne,Lenette,Anne-Corinne.Lenette12@goodmail.com
Wendy.Peg99,Wendy,Peg,Wendy.Peg99@goodmail.com
Nedi.Brunella50,Nedi,Brunella,Nedi.Brunella50@testmail.com
Cherri.Anny43,Cherri,Anny,Cherri.Anny43@goodmail.com
Ediva.Stent35,Ediva,Stent,Ediva.Stent35@goodmail.com
Enrika.Licht63,Enrika,Licht,Enrika.Licht63@goodmail.com
Jessica.Hooge8,Jessica,Hooge,Jessica.Hooge8@testmail.com
Zora.Seadon11,Zora,Seadon,Zora.Seadon11@testmail.com
Gilberta.Shirk55,Gilberta,Shirk,Gilberta.Shirk55@goodmail.com
Elisabeth.Maurizia73,Elisabeth,Maurizia,Elisabeth.Maurizia73@testmail.com
Giustina.Olette94,Giustina,Olette,Giustina.Olette94@goodmail.com
Kathryne.Fusco29,Kathryne,Fusco,Kathryne.Fusco29@funmail.com
Lesley.Danuloff35,Lesley,Danuloff,Lesley.Danuloff35@testmail.com
Rey.Reinwald58,Rey,Reinwald,Rey.Reinwald58@testmail.com
Robbyn.Jo8,Robbyn,Jo,Robbyn.Jo8@funmail.com
Britni.Ita13,Britni,Ita,Britni.Ita13@funmail.com
Vitoria.Jochbed2,Vitoria,Jochbed,Vitoria.Jochbed2@funmail.com
Trudi.Karlise38,Trudi,Karlise,Trudi.Karlise38@goodmail.com
Meghan.Kristan36,Meghan,Kristan,Meghan.Kristan36@goodmail.com
Eryn.Catherin58,Eryn,Catherin,Eryn.Catherin58@funmail.com
Maureene.Edva58,Maureene,Edva,Maureene.Edva58@funmail.com
Loella.Yolanthe17,Loella,Yolanthe,Loella.Yolanthe17@goodmail.com
Augustina.Jackie38,Augustina,Jackie,Augustina.Jackie38@goodmail.com
Laetitia.Thom77,Laetitia,Thom,Laetitia.Thom77@funmail.com
Aloisia.Sumer97,Aloisia,Sumer,Aloisia.Sumer97@funmail.com
Petronella.MacSwan49,Petronella,MacSwan,Petronella.MacSwan49@goodmail.com
Jodi.Lobel9,Jodi,Lobel,Jodi.Lobel9@testmail.com
Allie.Maryl50,Allie,Maryl,Allie.Maryl50@funmail.com
Theodora.Eldoria90,Theodora,Eldoria,Theodora.Eldoria90@testmail.com
Juliette.Manfred87,Juliette,Manfred,Juliette.Manfred87@testmail.com
Marchelle.Bruner4,Marchelle,Bruner,Marchelle.Bruner4@testmail.com
Giulietta.Lally5,Giulietta,Lally,Giulietta.Lally5@funmail.com
Charyl.Thurber34,Charyl,Thurber,Charyl.Thurber34@funmail.com
Perry.Andrus55,Perry,Andrus,Perry.Andrus55@testmail.com
Wendeline.Dumond26,Wendeline,Dumond,Wendeline.Dumond26@goodmail.com
Maressa.Roskes45,Maressa,Roskes,Maressa.Roskes45@testmail.com
Neille.Wellington24,Neille,Wellington,Neille.Wellington24@funmail.com
Ronny.Burgener36,Ronny,Burgener,Ronny.Burgener36@funmail.com
Kandy.Lilias35,Kandy,Lilias,Kandy.Lilias35@testmail.com
Hester.Rab87,Hester,Rab,Hester.Rab87@testmail.com
Georgine.McLeod96,Georgine,McLeod,Georgine.McLeod96@testmail.com
Vivia.Jann82,Vivia,Jann,Vivia.Jann82@goodmail.com
Calla.Eartha6,Calla,Eartha,Calla.Eartha6@goodmail.com
Dorise.Finn37,Dorise,Finn,Dorise.Finn37@goodmail.com
Ingeberg.Pammy53,Ingeberg,Pammy,Ingeberg.Pammy53@testmail.com
Keriann.Markus4,Keriann,Markus,Keriann.Markus4@goodmail.com
Ailsun.Helbonnah39,Ailsun,Helbonnah,Ailsun.Helbonnah39@testmail.com
Wendi.Anjali23,Wendi,Anjali,Wendi.Anjali23@testmail.com
Aarika.Flosser64,Aarika,Flosser,Aarika.Flosser64@goodmail.com
Letitia.Lamp19,Letitia,Lamp,Letitia.Lamp19@funmail.com
Sabrina.Rovner15,Sabrina,Rovner,Sabrina.Rovner15@goodmail.com
Nelli.Yun50,Nelli,Yun,Nelli.Yun50@funmail.com
Joby.Alegre49,Joby,Alegre,Joby.Alegre49@funmail.com
Gilberta.Zumwalt95,Gilberta,Zumwalt,Gilberta.Zumwalt95@goodmail.com
Charmion.Landry98,Charmion,Landry,Charmion.Landry98@goodmail.com
Zia.Tayler84,Zia,Tayler,Zia.Tayler84@goodmail.com
Bendite.Georglana74,Bendite,Georglana,Bendite.Georglana74@funmail.com
Brear.Augustin16,Brear,Augustin,Brear.Augustin16@funmail.com
Drona.Bigg10,Drona,Bigg,Drona.Bigg10@funmail.com
Janet.King24,Janet,King,Janet.King24@testmail.com
Jacki.Marlo33,Jacki,Marlo,Jacki.Marlo33@funmail.com
Cathryn.Per76,Cathryn,Per,Cathryn.Per76@funmail.com
Nina.Zacharias8,Nina,Zacharias,Nina.Zacharias8@goodmail.com
Laurena.Gitel3,Laurena,Gitel,Laurena.Gitel3@testmail.com
Alexandrina.Weyermann2,Alexandrina,Weyermann,Alexandrina.Weyermann2@testmail.com
Shandy.Imogene7,Shandy,Imogene,Shandy.Imogene7@testmail.com
Janel.Chemaram92,Janel,Chemaram,Janel.Chemaram92@goodmail.com
Kristen.Sorilda72,Kristen,Sorilda,Kristen.Sorilda72@testmail.com
Cyndy.Lundeen36,Cyndy,Lundeen,Cyndy.Lundeen36@funmail.com
Wandie.Danell10,Wandie,Danell,Wandie.Danell10@funmail.com
Van.Brynn91,Van,Brynn,Van.Brynn91@funmail.com
Rhianna.Burchett19,Rhianna,Burchett,Rhianna.Burchett19@goodmail.com
Theodora.Thomajan12,Theodora,Thomajan,Theodora.Thomajan12@goodmail.com
Rodie.Oletha39,Rodie,Oletha,Rodie.Oletha39@goodmail.com
Domeniga.Gould90,Domeniga,Gould,Domeniga.Gould90@funmail.com
Esta.Adar16,Esta,Adar,Esta.Adar16@goodmail.com
Rica.Duffie71,Rica,Duffie,Rica.Duffie71@testmail.com
Elbertine.Oralia93,Elbertine,Oralia,Elbertine.Oralia93@testmail.com
Lauri.Rheims85,Lauri,Rheims,Lauri.Rheims85@funmail.com
Hatti.Liv17,Hatti,Liv,Hatti.Liv17@testmail.com
Eadith.Fifi34,Eadith,Fifi,Eadith.Fifi34@goodmail.com
Lynnell.Delwin6,Lynnell,Delwin,Lynnell.Delwin6@goodmail.com
Laverne.Kelsi12,Laverne,Kelsi,Laverne.Kelsi12@funmail.com
Denice.Cromwell82,Denice,Cromwell,Denice.Cromwell82@funmail.com
Carena.Lamond72,Carena,Lamond,Carena.Lamond72@goodmail.com
Ottilie.Kelvin23,Ottilie,Kelvin,Ottilie.Kelvin23@funmail.com
Alyss.Gustin59,Alyss,Gustin,Alyss.Gustin59@funmail.com
Isabelita.Jake34,Isabelita,Jake,Isabelita.Jake34@testmail.com
Meriel.Chu75,Meriel,Chu,Meriel.Chu75@goodmail.com
Johna.Schreibe25,Johna,Schreibe,Johna.Schreibe25@goodmail.com
Hailee.Jopa97,Hailee,Jopa,Hailee.Jopa97@funmail.com
Kirbee.Ariadne19,Kirbee,Ariadne,Kirbee.Ariadne19@funmail.com
Philippine.Norrv80,Philippine,Norrv,Philippine.Norrv80@funmail.com
Fanechka.Dorelia72,Fanechka,Dorelia,Fanechka.Dorelia72@testmail.com
Geri.Arnold56,Geri,Arnold,Geri.Arnold56@testmail.com
Aundrea.Irvin7,Aundrea,Irvin,Aundrea.Irvin7@funmail.com
Jorry.Timmi60,Jorry,Timmi,Jorry.Timmi60@testmail.com
Melisenda.Vastha76,Melisenda,Vastha,Melisenda.Vastha76@testmail.com
Fayette.Lampert69,Fayette,Lampert,Fayette.Lampert69@funmail.com
Druci.Morrie75,Druci,Morrie,Druci.Morrie75@testmail.com
Karalee.Scibert70,Karalee,Scibert,Karalee.Scibert70@goodmail.com
Fleurette.Benia75,Fleurette,Benia,Fleurette.Benia75@goodmail.com
Estele.Geddes57,Estele,Geddes,Estele.Geddes57@testmail.com
Tine.Lynnelle94,Tine,Lynnelle,Tine.Lynnelle94@goodmail.com
Renell.Romy8,Renell,Romy,Renell.Romy8@funmail.com
Nadeen.Mallina32,Nadeen,Mallina,Nadeen.Mallina32@testmail.com
Sile.Lehmann82,Sile,Lehmann,Sile.Lehmann82@goodmail.com
Lita.Bradney70,Lita,Bradney,Lita.Bradney70@testmail.com
Farica.Elata71,Farica,Elata,Farica.Elata71@testmail.com
Ariela.Norwood57,Ariela,Norwood,Ariela.Norwood57@goodmail.com
Benedetta.Zola9,Benedetta,Zola,Benedetta.Zola9@funmail.com
Marsha.Bergmans47,Marsha,Bergmans,Marsha.Bergmans47@funmail.com
Masha.Seward58,Masha,Seward,Masha.Seward58@funmail.com
Consuelo.Pedaiah46,Consuelo,Pedaiah,Consuelo.Pedaiah46@testmail.com
Idell.Vittorio68,Idell,Vittorio,Idell.Vittorio68@goodmail.com
Elisabet.Kylah28,Elisabet,Kylah,Elisabet.Kylah28@goodmail.com
Susette.Laural50,Susette,Laural,Susette.Laural50@testmail.com
Ansley.June9,Ansley,June,Ansley.June9@funmail.com
Brande.Cyrilla34,Brande,Cyrilla,Brande.Cyrilla34@goodmail.com
Debor.Razid55,Debor,Razid,Debor.Razid55@goodmail.com
Paulette.Ernaline16,Paulette,Ernaline,Paulette.Ernaline16@goodmail.com
Eilis.Wearing58,Eilis,Wearing,Eilis.Wearing58@goodmail.com
Juliette.Ailin32,Juliette,Ailin,Juliette.Ailin32@testmail.com
Shani.Muscolo72,Shani,Muscolo,Shani.Muscolo72@goodmail.com
Emmy.Cyler7,Emmy,Cyler,Emmy.Cyler7@goodmail.com
Delia.Nereus89,Delia,Nereus,Delia.Nereus89@testmail.com
Wandie.McCowyn62,Wandie,McCowyn,Wandie.McCowyn62@funmail.com
Gabey.Broder55,Gabey,Broder,Gabey.Broder55@funmail.com
Dennie.Salena27,Dennie,Salena,Dennie.Salena27@funmail.com
Anestassia.Tremml13,Anestassia,Tremml,Anestassia.Tremml13@testmail.com
Carmela.Kovacev78,Carmela,Kovacev,Carmela.Kovacev78@funmail.com
Emmalyn.Bose72,Emmalyn,Bose,Emmalyn.Bose72@testmail.com
Goldi.Janette32,Goldi,Janette,Goldi.Janette32@testmail.com
Tami.Durward86,Tami,Durward,Tami.Durward86@goodmail.com
Tuesday.Marienthal86,Tuesday,Marienthal,Tuesday.Marienthal86@goodmail.com
Lanni.Beniamino88,Lanni,Beniamino,Lanni.Beniamino88@testmail.com
Brooke.Fante62,Brooke,Fante,Brooke.Fante62@funmail.com
Rosabella.Pylle25,Rosabella,Pylle,Rosabella.Pylle25@goodmail.com
Celia.Kreegar83,Celia,Kreegar,Celia.Kreegar83@testmail.com
Felisha.Tallu19,Felisha,Tallu,Felisha.Tallu19@goodmail.com
Aubree.Charles48,Aubree,Charles,Aubree.Charles48@goodmail.com
Janeen.Hulton23,Janeen,Hulton,Janeen.Hulton23@goodmail.com
Amalita.Kailey40,Amalita,Kailey,Amalita.Kailey40@funmail.com
Daisi.Yazbak73,Daisi,Yazbak,Daisi.Yazbak73@funmail.com
Rayna.Hersh26,Rayna,Hersh,Rayna.Hersh26@goodmail.com
Cassondra.Sascha66,Cassondra,Sascha,Cassondra.Sascha66@funmail.com
Corly.Grider67,Corly,Grider,Corly.Grider67@testmail.com
Malva.Kaitlynn99,Malva,Kaitlynn,Malva.Kaitlynn99@testmail.com
Devonna.Alcinia26,Devonna,Alcinia,Devonna.Alcinia26@testmail.com
Addi.Shalom25,Addi,Shalom,Addi.Shalom25@funmail.com
Kirbee.Filberto47,Kirbee,Filberto,Kirbee.Filberto47@goodmail.com
Joelynn.McLeod86,Joelynn,McLeod,Joelynn.McLeod86@funmail.com
Cindra.Karlyn24,Cindra,Karlyn,Cindra.Karlyn24@testmail.com
Clementina.Dredi95,Clementina,Dredi,Clementina.Dredi95@goodmail.com
Mersey.Laurens6,Mersey,Laurens,Mersey.Laurens6@funmail.com
Abbie.Kissel77,Abbie,Kissel,Abbie.Kissel77@goodmail.com
Patrizia.Triley27,Patrizia,Triley,Patrizia.Triley27@testmail.com
Cordi.Kella77,Cordi,Kella,Cordi.Kella77@funmail.com
Chery.Daphna35,Chery,Daphna,Chery.Daphna35@funmail.com
Erin.Reel33,Erin,Reel,Erin.Reel33@testmail.com
Edythe.Teteak59,Edythe,Teteak,Edythe.Teteak59@goodmail.com
Katalin.Gavin1,Katalin,Gavin,Katalin.Gavin1@funmail.com
Thalia.Pape18,Thalia,Pape,Thalia.Pape18@goodmail.com
Leanora.Stewart16,Leanora,Stewart,Leanora.Stewart16@funmail.com
Millicent.Lorenza52,Millicent,Lorenza,Millicent.Lorenza52@funmail.com
Anya.Bust52,Anya,Bust,Anya.Bust52@funmail.com
Laurena.Philander93,Laurena,Philander,Laurena.Philander93@funmail.com
Gwendolyn.Mallis13,Gwendolyn,Mallis,Gwendolyn.Mallis13@funmail.com
Hyacinthia.Annmarie89,Hyacinthia,Annmarie,Hyacinthia.Annmarie89@testmail.com
Paulina.Adalie26,Paulina,Adalie,Paulina.Adalie26@goodmail.com
Candice.Ashlee80,Candice,Ashlee,Candice.Ashlee80@goodmail.com
Isidora.Dove2,Isidora,Dove,Isidora.Dove2@funmail.com
Harley.Liebowitz3,Harley,Liebowitz,Harley.Liebowitz3@goodmail.com
Rubetta.Maurise34,Rubetta,Maurise,Rubetta.Maurise34@goodmail.com
Mariska.Sturdivant31,Mariska,Sturdivant,Mariska.Sturdivant31@goodmail.com
Kristyn.Kapor85,Kristyn,Kapor,Kristyn.Kapor85@funmail.com
Rosalyn.Luht38,Rosalyn,Luht,Rosalyn.Luht38@testmail.com
Etheline.Yahiya80,Etheline,Yahiya,Etheline.Yahiya80@funmail.com
Zorine.Sauers19,Zorine,Sauers,Zorine.Sauers19@testmail.com
Aline.Vories76,Aline,Vories,Aline.Vories76@goodmail.com
Alejandrina.Venita24,Alejandrina,Venita,Alejandrina.Venita24@testmail.com
Ettie.Jami96,Ettie,Jami,Ettie.Jami96@funmail.com
Denny.Richey48,Denny,Richey,Denny.Richey48@testmail.com
Dasie.Myron68,Dasie,Myron,Dasie.Myron68@goodmail.com
Cinda.Eliades93,Cinda,Eliades,Cinda.Eliades93@testmail.com
Silvia.Birmingham50,Silvia,Birmingham,Silvia.Birmingham50@funmail.com
Loria.Morell64,Loria,Morell,Loria.Morell64@goodmail.com
Zenia.Laurin10,Zenia,Laurin,Zenia.Laurin10@testmail.com
Iormina.Ihab51,Iormina,Ihab,Iormina.Ihab51@goodmail.com
Ameline.Holna22,Ameline,Holna,Ameline.Holna22@testmail.com
Adiana.Fairlie75,Adiana,Fairlie,Adiana.Fairlie75@funmail.com
Freida.Gaw33,Freida,Gaw,Freida.Gaw33@goodmail.com
Rosalinde.Engud19,Rosalinde,Engud,Rosalinde.Engud19@testmail.com
Aurel.Haydon73,Aurel,Haydon,Aurel.Haydon73@testmail.com
Sibella.Channing92,Sibella,Channing,Sibella.Channing92@testmail.com
Quinn.Arlene45,Quinn,Arlene,Quinn.Arlene45@testmail.com
Rachel.Jankey31,Rachel,Jankey,Rachel.Jankey31@funmail.com
Sileas.Hose2,Sileas,Hose,Sileas.Hose2@testmail.com
Orsa.Adalheid57,Orsa,Adalheid,Orsa.Adalheid57@funmail.com
Loutitia.Argile13,Loutitia,Argile,Loutitia.Argile13@funmail.com
Donetta.Pompea89,Donetta,Pompea,Donetta.Pompea89@testmail.com
Tiertza.Yule36,Tiertza,Yule,Tiertza.Yule36@testmail.com
Marlyn.Norvan44,Marlyn,Norvan,Marlyn.Norvan44@goodmail.com
Merola.Kind63,Merola,Kind,Merola.Kind63@testmail.com
Allie.Prudence86,Allie,Prudence,Allie.Prudence86@testmail.com
Lebbie.Adelaida39,Lebbie,Adelaida,Lebbie.Adelaida39@funmail.com
Reena.Brott1,Reena,Brott,Reena.Brott1@funmail.com
Charlotte.Zischke1,Charlotte,Zischke,Charlotte.Zischke1@funmail.com
Sheri.Melosa50,Sheri,Melosa,Sheri.Melosa50@funmail.com
Petra.Monahon17,Petra,Monahon,Petra.Monahon17@testmail.com
Farand.Kolva32,Farand,Kolva,Farand.Kolva32@testmail.com
Berny.Tubb32,Berny,Tubb,Berny.Tubb32@testmail.com
Corie.Warchaw63,Corie,Warchaw,Corie.Warchaw63@testmail.com
Jewel.Wachtel81,Jewel,Wachtel,Jewel.Wachtel81@goodmail.com
Shayla.Stuckey30,Shayla,Stuckey,Shayla.Stuckey30@goodmail.com
Lynnelle.Elfstan77,Lynnelle,Elfstan,Lynnelle.Elfstan77@funmail.com
Rakel.Arnon70,Rakel,Arnon,Rakel.Arnon70@funmail.com
Althea.Garald97,Althea,Garald,Althea.Garald97@testmail.com
Sybilla.Plath46,Sybilla,Plath,Sybilla.Plath46@goodmail.com
Anna-Maria.Drusus57,Anna-Maria,Drusus,Anna-Maria.Drusus57@goodmail.com
Tobe.Kavanaugh99,Tobe,Kavanaugh,Tobe.Kavanaugh99@goodmail.com
Dredi.Kerstin33,Dredi,Kerstin,Dredi.Kerstin33@testmail.com
Sidonnie.Bambi70,Sidonnie,Bambi,Sidonnie.Bambi70@testmail.com
Nydia.Langelo69,Nydia,Langelo,Nydia.Langelo69@testmail.com
Bili.Larrie66,Bili,Larrie,Bili.Larrie66@goodmail.com
Lyn.Ehudd89,Lyn,Ehudd,Lyn.Ehudd89@goodmail.com
Rochell.Claudius98,Rochell,Claudius,Rochell.Claudius98@funmail.com
Ayn.Rossner61,Ayn,Rossner,Ayn.Rossner61@funmail.com
Sib.Barrada64,Sib,Barrada,Sib.Barrada64@funmail.com
Marsiella.Freemon64,Marsiella,Freemon,Marsiella.Freemon64@funmail.com
Agata.Melisenda27,Agata,Melisenda,Agata.Melisenda27@testmail.com
Esmaria.Sydel21,Esmaria,Sydel,Esmaria.Sydel21@goodmail.com
Marika.Giorgio5,Marika,Giorgio,Marika.Giorgio5@funmail.com
Sisely.Lawrenson31,Sisely,Lawrenson,Sisely.Lawrenson31@goodmail.com
Carlyn.Sarchet62,Carlyn,Sarchet,Carlyn.Sarchet62@funmail.com
Paloma.Tarah9,Paloma,Tarah,Paloma.Tarah9@testmail.com
Vivie.Cohn46,Vivie,Cohn,Vivie.Cohn46@goodmail.com
Marcella.Howzell3,Marcella,Howzell,Marcella.Howzell3@goodmail.com
Katharine.McKale94,Katharine,McKale,Katharine.McKale94@funmail.com
Henriette.Ezaria74,Henriette,Ezaria,Henriette.Ezaria74@goodmail.com
Effie.Cleary81,Effie,Cleary,Effie.Cleary81@funmail.com
Dasya.Kulsrud5,Dasya,Kulsrud,Dasya.Kulsrud5@testmail.com
Kalila.Zoi54,Kalila,Zoi,Kalila.Zoi54@goodmail.com
Kym.Mahalia23,Kym,Mahalia,Kym.Mahalia23@goodmail.com
Hedda.Alfie63,Hedda,Alfie,Hedda.Alfie63@goodmail.com
Norene.Tatianas56,Norene,Tatianas,Norene.Tatianas56@funmail.com
Bird.Fanchet5,Bird,Fanchet,Bird.Fanchet5@testmail.com
Bren.Phail53,Bren,Phail,Bren.Phail53@goodmail.com
Merna.Kyd71,Merna,Kyd,Merna.Kyd71@goodmail.com
Suzy.Rubetta73,Suzy,Rubetta,Suzy.Rubetta73@testmail.com
Tiff.Desimone88,Tiff,Desimone,Tiff.Desimone88@funmail.com
Betsy.Antonino77,Betsy,Antonino,Betsy.Antonino77@goodmail.com
Eddy.Diahann92,Eddy,Diahann,Eddy.Diahann92@testmail.com
Roby.Romilda54,Roby,Romilda,Roby.Romilda54@goodmail.com
Carolin.Therine69,Carolin,Therine,Carolin.Therine69@funmail.com
Fannie.Goodard85,Fannie,Goodard,Fannie.Goodard85@funmail.com
May.Melton60,May,Melton,May.Melton60@funmail.com
Lesly.Eulalee16,Lesly,Eulalee,Lesly.Eulalee16@funmail.com
Karissa.Jermaine18,Karissa,Jermaine,Karissa.Jermaine18@testmail.com
Michaella.Rifkin18,Michaella,Rifkin,Michaella.Rifkin18@goodmail.com
Channa.Duck37,Channa,Duck,Channa.Duck37@goodmail.com
Kirsten.Cherish66,Kirsten,Cherish,Kirsten.Cherish66@funmail.com
Lorena.Virgie64,Lorena,Virgie,Lorena.Virgie64@funmail.com
Lynnell.Danelle74,Lynnell,Danelle,Lynnell.Danelle74@funmail.com
Elvira.Shauna41,Elvira,Shauna,Elvira.Shauna41@funmail.com
Magdalena.Chenee37,Magdalena,Chenee,Magdalena.Chenee37@funmail.com
Stacey.Kalle46,Stacey,Kalle,Stacey.Kalle46@goodmail.com
Leonie.Ingaborg81,Leonie,Ingaborg,Leonie.Ingaborg81@funmail.com
Loralie.Bywaters26,Loralie,Bywaters,Loralie.Bywaters26@testmail.com
Charlotte.Frere33,Charlotte,Frere,Charlotte.Frere33@testmail.com
Milka.Cotterell3,Milka,Cotterell,Milka.Cotterell3@testmail.com
Casie.Millman45,Casie,Millman,Casie.Millman45@funmail.com
Devina.Cordell54,Devina,Cordell,Devina.Cordell54@testmail.com
Dael.Rudwik16,Dael,Rudwik,Dael.Rudwik16@testmail.com
Melisent.Fraya17,Melisent,Fraya,Melisent.Fraya17@funmail.com
Faye.Seraphine14,Faye,Seraphine,Faye.Seraphine14@goodmail.com
Perle.Clie49,Perle,Clie,Perle.Clie49@goodmail.com
Miquela.Osborne45,Miquela,Osborne,Miquela.Osborne45@funmail.com
Lurleen.Caravette72,Lurleen,Caravette,Lurleen.Caravette72@funmail.com
Katha.Ondrea11,Katha,Ondrea,Katha.Ondrea11@goodmail.com
Brooks.Elrod39,Brooks,Elrod,Brooks.Elrod39@testmail.com
Christa.Alves28,Christa,Alves,Christa.Alves28@goodmail.com
Chelsae.Pernell91,Chelsae,Pernell,Chelsae.Pernell91@goodmail.com
Mame.Kalle16,Mame,Kalle,Mame.Kalle16@testmail.com
Jo-Ann.Margit14,Jo-Ann,Margit,Jo-Ann.Margit14@goodmail.com
Kelci.Antonin32,Kelci,Antonin,Kelci.Antonin32@funmail.com
Lucky.Nerte82,Lucky,Nerte,Lucky.Nerte82@testmail.com
Talya.Demb61,Talya,Demb,Talya.Demb61@goodmail.com
Cristabel.Isabelita37,Cristabel,Isabelita,Cristabel.Isabelita37@testmail.com
Sylvia.Billi30,Sylvia,Billi,Sylvia.Billi30@goodmail.com
Veda.Lyndsey18,Veda,Lyndsey,Veda.Lyndsey18@testmail.com
Vanda.Zusman48,Vanda,Zusman,Vanda.Zusman48@funmail.com
Adan.Benjy26,Adan,Benjy,Adan.Benjy26@goodmail.com
Thekla.Bowden96,Thekla,Bowden,Thekla.Bowden96@goodmail.com
Deloria.Parrott62,Deloria,Parrott,Deloria.Parrott62@funmail.com
Marijo.Alma39,Marijo,Alma,Marijo.Alma39@funmail.com
Madelle.Jewett4,Madelle,Jewett,Madelle.Jewett4@goodmail.com
Renell.Radu26,Renell,Radu,Renell.Radu26@funmail.com
Dulcy.Robertson20,Dulcy,Robertson,Dulcy.Robertson20@funmail.com
Stevena.Magree52,Stevena,Magree,Stevena.Magree52@goodmail.com
Glennie.Rivard69,Glennie,Rivard,Glennie.Rivard69@funmail.com
Una.Hortensia93,Una,Hortensia,Una.Hortensia93@goodmail.com
Karole.Rucker20,Karole,Rucker,Karole.Rucker20@testmail.com
Idette.Tenner70,Idette,Tenner,Idette.Tenner70@testmail.com
Danila.Ohara65,Danila,Ohara,Danila.Ohara65@testmail.com
